Id,Prediction
432,6
433,3
434,1
435,2
436,1
437,3
438,27
439,70
440,182
441,112
442,34
443,47
444,70
445,59
446,66
447,66
448,86
449,175
450,172
451,105
452,72
453,43
454,47
455,21
456,12
457,5
458,1
459,2
460,1
461,3
462,32
463,70
464,182
465,84
466,50
467,36
468,53
469,77
470,70
471,54
472,77
473,159
474,162
475,91
476,70
477,41
478,31
479,17
480,21
481,14
482,9
483,6
484,1
485,2
486,4
487,13
488,39
489,68
490,78
491,84
492,97
493,88
494,97
495,90
496,88
497,61
498,35
499,33
500,44
501,23
502,7
503,21
504,18
505,16
506,11
507,1
508,2
509,9
510,13
511,39
512,68
513,78
514,93
515,101
516,104
517,97
518,84
519,94
520,61
521,35
522,33
523,44
524,12
525,7
526,9
527,3
528,2
529,2
530,5
531,27
532,85
533,218
534,112
535,38
536,51
537,60
538,63
539,55
540,58
541,80
542,150
543,172
544,95
545,71
546,45
547,32
548,19
549,12
550,6
551,1
552,1
553,4
554,36
555,62
556,168
557,112
558,38
559,47
560,67
561,65
562,66
563,65
564,89
565,182
566,151
567,102
568,71
569,50
570,47
571,17
572,14
573,4
574,1
575,6
576,26
577,62
578,188
579,95
580,39
581,54
582,74
583,50
584,51
585,57
586,82
587,130
588,78
589,192
590,172
591,95
592,75
593,52
594,32
595,17
596,14
597,6
598,1
599,2
600,4
601,26
602,62
603,188
604,119
605,46
606,52
607,63
608,37
609,45
610,73
611,72
612,130
613,129
614,95
615,71
616,52
617,31
618,19
619,21
620,21
621,16
622,11
623,1
624,2
625,9
626,13
627,32
628,60
629,68
630,84
631,84
632,72
633,92
634,79
635,68
636,88
637,50
638,35
639,30
640,17
641,5
642,33
643,18
644,24
645,14
646,2
647,3
648,6
649,11
650,26
651,57
652,63
653,84
654,84
655,72
656,93
657,79
658,68
659,88
660,67
661,35
662,30
663,17
664,25
665,12
666,5
667,1
668,2
669,1
670,3
671,30
672,73
673,182
674,87
675,34
676,55
677,67
678,59
679,63
680,55
681,78
682,192
683,172
684,102
685,71
686,45
687,47
688,11
1135,34
1136,37
1137,17
1138,9
1139,1
1140,5
1141,7
1142,17
1143,46
1144,86
1145,115
1146,163
1147,168
1148,161
1149,172
1150,139
1151,123
1152,86
1153,51
1154,36
1155,53
1156,53
1157,31
1158,39
1159,31
1160,17
1161,10
1162,3
1163,2
1164,5
1165,12
1166,17
1167,46
1168,97
1169,115
1170,113
1171,127
1172,161
1173,178
1174,108
1175,107
1176,80
1177,52
1178,36
1179,53
1180,45
1181,45
1182,43
1183,74
1184,218
1185,133
1186,47
1187,55
1188,78
1189,73
1190,75
1191,77
1192,88
1193,190
1194,151
1195,97
1196,86
1197,77
1198,40
1199,23
1200,11
1201,8
1202,2
1203,1
1204,5
1205,38
1206,97
1207,204
1208,151
1209,55
1210,52
1211,78
1212,116
1213,81
1214,57
1215,111
1216,208
1217,193
1218,98
1219,75
1220,56
1221,41
1222,36
1223,12
1224,5
1225,3
1226,1
1227,5
1228,43
1229,91
1230,218
1231,133
1232,66
1233,57
1234,77
1235,73
1236,75
1237,83
1238,101
1239,210
1240,162
1241,98
1242,86
1243,62
1244,36
1245,34
1246,12
1247,4
1248,2
1249,1
1250,3
1251,26
1252,50
1253,192
1254,146
1255,54
1256,101
1257,143
1258,134
1259,72
1260,70
1261,91
1262,183
1263,193
1264,94
1265,72
1266,53
1267,42
1268,16
1269,39
1270,31
1271,18
1272,12
1273,7
1274,1
1275,4
1276,7
1277,17
1278,46
1279,86
1280,115
1281,147
1282,168
1283,161
1284,168
1285,139
1286,123
1287,71
1288,31
1289,36
1290,53
1291,53
1292,45
1293,34
1294,21
1295,18
1296,10
1297,3
1298,4
1299,7
1300,20
1301,46
1302,61
1303,114
1304,147
1305,168
1306,161
1307,172
1308,139
1309,123
1310,86
1311,31
1312,36
1313,53
1314,53
1315,31
1316,16
1317,5
1318,1
1319,3
1320,26
1321,73
1322,187
1323,174
1324,78
1325,101
1326,143
1327,63
1328,58
1329,63
1330,83
1331,196
1332,188
1333,136
1334,104
1335,83
1336,36
1337,32
1784,43
1785,36
1786,19
1787,5
1788,7
1789,2
1790,6
1791,11
1792,39
1793,88
1794,76
1795,157
1796,176
1797,173
1798,255
1799,308
1800,224
1801,188
1802,184
1803,127
1804,92
1805,75
1806,36
1807,36
1808,15
1809,7
1810,5
1811,2
1812,6
1813,43
1814,112
1815,208
1816,157
1817,34
1818,55
1819,91
1820,117
1821,125
1822,104
1823,120
1824,317
1825,260
1826,197
1827,185
1828,69
1829,67
1830,18
1831,19
1832,6
1833,7
1834,1
1835,1
1836,11
1837,36
1838,150
1839,309
1840,156
1841,83
1842,116
1843,93
1844,147
1845,101
1846,98
1847,104
1848,292
1849,236
1850,216
1851,106
1852,108
1853,88
1854,48
1855,15
1856,6
1857,10
1858,3
1859,8
1860,31
1861,90
1862,213
1863,163
1864,42
1865,68
1866,91
1867,51
1868,57
1869,91
1870,131
1871,242
1872,206
1873,143
1874,75
1875,58
1876,21
1877,18
1878,7
1879,5
1880,6
1881,3
1882,2
1883,8
1884,31
1885,90
1886,185
1887,147
1888,42
1889,39
1890,66
1891,70
1892,103
1893,90
1894,131
1895,205
1896,189
1897,127
1898,87
1899,61
1900,45
1901,33
1902,10
1903,3
1904,2
1905,3
1906,1
1907,6
1908,43
1909,100
1910,235
1911,144
1912,83
1913,63
1914,106
1915,97
1916,86
1917,98
1918,117
1919,240
1920,228
1921,152
1922,84
1923,58
1924,69
1925,33
1926,33
1927,33
1928,21
1929,17
1930,7
1931,3
1932,27
1933,13
1934,44
1935,94
1936,122
1937,220
1938,235
1939,250
1940,355
1941,308
1942,323
1943,259
1944,194
1945,122
1946,81
1947,51
1948,45
1949,39
1950,33
1951,33
1952,19
1953,5
1954,3
1955,30
1956,19
1957,177
1958,94
1959,122
1960,158
1961,235
1962,250
1963,355
1964,308
1965,323
1966,259
1967,198
1968,149
1969,93
1970,51
1971,53
1972,40
1973,11
1974,3
1975,2
1976,5
1977,5
1978,40
1979,110
1980,283
1981,148
1982,63
1983,63
1984,85
1985,92
1986,86
1987,101
1988,115
1989,240
1990,200
1991,147
1992,84
1993,52
1994,59
1995,24
1996,16
1997,2
1998,2
1999,4
2000,1
2001,5
2002,40
2003,110
2004,269
2005,148
2006,63
2007,82
2008,79
2009,72
2010,86
2011,98
2012,107
2013,245
2014,234
2015,147
2016,84
2017,78
2018,78
2019,36
2020,11
2021,16
2022,5
2023,7
2024,3
2025,8
2026,36
2027,110
2028,283
2029,145
2030,77
2031,63
2032,94
2033,97
2034,87
2035,90
2036,86
2037,171
2038,206
2039,93
2040,75
2041,58
2042,21
2043,26
2044,7
2045,2
2046,6
2047,3
2048,2
2049,8
2050,31
2051,126
2052,185
2053,147
2054,62
2055,68
2056,91
2057,51
2058,57
2059,90
2060,86
2061,171
2062,206
2063,143
2064,75
2065,54
2066,21
2067,26
2523,19
2524,2
2525,8
2526,1
2527,1
2528,9
2529,47
2530,104
2531,282
2532,167
2533,92
2534,113
2535,118
2536,139
2537,134
2538,151
2539,220
2540,404
2541,374
2542,282
2543,167
2544,126
2545,87
2546,43
2547,22
2548,16
2549,7
2550,2
2551,1
2552,12
2553,42
2554,174
2555,332
2556,169
2557,89
2558,104
2559,164
2560,149
2561,101
2562,105
2563,186
2564,408
2565,374
2566,223
2567,167
2568,97
2569,94
2570,43
2571,15
2572,6
2573,7
2574,2
2575,1
2576,6
2577,51
2578,161
2579,332
2580,179
2581,85
2582,75
2583,99
2584,51
2585,60
2586,104
2587,79
2588,219
2589,287
2590,114
2591,115
2592,69
2593,67
2594,37
2595,48
2596,26
2597,22
2598,6
2599,4
2600,4
2601,30
2602,15
2603,50
2604,55
2605,77
2606,116
2607,131
2608,160
2609,137
2610,229
2611,242
2612,283
2613,208
2614,170
2615,72
2616,98
2617,68
2618,46
2619,38
2620,35
2621,21
2622,14
2623,4
2624,4
2625,30
2626,15
2627,50
2628,55
2629,136
2630,167
2631,271
2632,261
2633,355
2634,229
2635,269
2636,283
2637,208
2638,170
2639,85
2640,85
2641,72
2642,60
2643,10
2644,2
2645,8
2646,2
2647,1
2648,9
2649,48
2650,123
2651,192
2652,167
2653,95
2654,76
2655,99
2656,117
2657,144
2658,143
2659,220
2660,385
2661,347
2662,256
2663,168
2664,115
2665,94
2666,42
2667,24
2668,12
2669,7
2670,2
2671,2
2672,9
2673,49
2674,155
2675,195
2676,109
2677,68
2678,76
2679,93
2680,139
2681,144
2682,104
2683,220
2684,385
2685,300
2686,200
2687,167
2688,115
2689,96
2690,42
2691,19
2692,7
2693,7
2694,1
2695,2
2696,9
2697,49
2698,155
2699,195
2700,109
2701,68
2702,76
2703,93
2704,117
2705,126
2706,79
2707,167
2708,317
2709,287
2710,200
2711,185
2712,103
2713,67
2714,37
2715,24
2716,2
2717,7
2718,1
2719,2
2720,5
2721,42
2722,161
2723,191
2724,109
2725,68
2726,76
2727,99
2728,117
2729,106
2730,104
2731,152
2732,385
2733,347
2734,256
2735,167
2736,126
2737,94
2738,43
2739,13
2740,16
2741,11
2742,4
2743,3
2744,11
2745,55
2746,188
2747,338
2748,169
2749,89
2750,119
2751,164
2752,149
2753,119
2754,114
2755,186
2756,385
2757,300
2758,200
2759,186
2760,97
2761,101
2762,50
2763,32
2764,32
2765,26
2766,17
2767,4
2768,4
2769,9
2770,18
2771,171
2772,160
2773,166
2774,189
2775,333
2776,261
2777,355
2778,275
2779,323
2780,283
2781,175
2782,177
2783,88
2784,61
2785,45
2786,47
3243,33
3244,19
3245,10
3246,4
3247,4
3248,24
3249,101
3250,237
3251,396
3252,187
3253,150
3254,160
3255,197
3256,186
3257,176
3258,186
3259,295
3260,426
3261,515
3262,362
3263,274
3264,192
3265,121
3266,83
3267,94
3268,58
3269,51
3270,29
3271,5
3272,12
3273,12
3274,28
3275,100
3276,189
3277,254
3278,343
3279,327
3280,361
3281,372
3282,418
3283,363
3284,352
3285,198
3286,253
3287,170
3288,154
3289,108
3290,98
3291,94
3292,70
3293,51
3294,33
3295,11
3296,14
3297,14
3298,32
3299,72
3300,137
3301,254
3302,343
3303,370
3304,361
3305,337
3306,408
3307,299
3308,352
3309,270
3310,253
3311,170
3312,93
3313,71
3314,59
3315,33
3316,16
3317,8
3318,4
3319,5
3320,20
3321,102
3322,227
3323,420
3324,204
3325,117
3326,135
3327,202
3328,156
3329,160
3330,182
3331,289
3332,560
3333,484
3334,292
3335,182
3336,164
3337,135
3338,60
3339,33
3340,14
3341,10
3342,4
3343,3
3344,15
3345,79
3346,296
3347,420
3348,202
3349,127
3350,152
3351,231
3352,186
3353,176
3354,182
3355,295
3356,565
3357,522
3358,292
3359,237
3360,227
3361,135
3362,83
3363,32
3364,17
3365,11
3366,4
3367,5
3368,17
3369,105
3370,296
3371,382
3372,190
3373,133
3374,155
3375,210
3376,203
3377,184
3378,186
3379,289
3380,426
3381,515
3382,362
3383,283
3384,192
3385,142
3386,83
3387,32
3388,17
3389,9
3390,5
3391,5
3392,17
3393,105
3394,212
3395,404
3396,190
3397,117
3398,159
3399,202
3400,186
3401,176
3402,208
3403,279
3404,426
3405,534
3406,328
3407,283
3408,233
3409,137
3410,92
3411,32
3412,17
3413,5
3414,10
3415,10
3416,24
3417,105
3418,296
3419,418
3420,182
3421,127
3422,132
3423,201
3424,192
3425,176
3426,208
3427,280
3428,560
3429,503
3430,292
3431,283
3432,188
3433,149
3434,88
3435,94
3436,70
3437,51
3438,29
3439,5
3440,14
3441,14
3442,37
3443,72
3444,137
3445,245
3446,295
3447,370
3448,423
3449,407
3450,418
3451,363
3452,352
3453,270
3454,235
3455,188
3456,93
3457,71
3458,107
3459,94
3460,70
3461,51
3462,29
3463,5
3464,14
3465,14
3466,37
3467,64
3468,137
3469,196
3470,264
3471,324
3472,394
3473,337
3474,376
3475,299
3476,273
3477,270
3478,204
3479,139
3480,93
3481,71
3482,56
3483,94
3484,70
3485,51
3486,33
3487,9
3488,14
3489,14
3490,37
3491,64
3492,137
3493,271
3494,343
3495,370
3496,413
3497,372
3498,368
3499,363
3500,352
3501,198
3502,253
3503,170
3504,139
3505,71
3506,59
3507,28
3508,16
3509,8
3510,4
3511,3
3512,17
3513,101
3514,316
3515,384
3516,191
3517,133
3518,155
3519,206
3520,208
3521,169
3522,189
3523,296
3524,565
3525,515
3526,362
3527,283
3528,233
3529,148
3530,60
3987,28
3988,18
3989,4
3990,4
3991,5
3992,30
3993,119
3994,291
3995,413
3996,215
3997,118
3998,150
3999,195
4000,206
4001,156
4002,201
4003,312
4004,534
4005,507
4006,356
4007,316
4008,203
4009,168
4010,97
4011,28
4012,17
4013,24
4014,6
4015,4
4016,32
4017,127
4018,295
4019,446
4020,198
4021,79
4022,146
4023,158
4024,172
4025,209
4026,172
4027,275
4028,531
4029,513
4030,403
4031,317
4032,229
4033,138
4034,72
4035,54
4036,14
4037,13
4038,4
4039,4
4040,26
4041,120
4042,332
4043,430
4044,198
4045,122
4046,146
4047,159
4048,144
4049,143
4050,150
4051,275
4052,486
4053,513
4054,380
4055,280
4056,245
4057,185
4058,104
4059,35
4060,19
4061,17
4062,5
4063,5
4064,22
4065,118
4066,314
4067,400
4068,193
4069,135
4070,157
4071,185
4072,216
4073,184
4074,171
4075,289
4076,557
4077,433
4078,380
4079,272
4080,229
4081,185
4082,107
4083,28
4084,16
4085,10
4086,6
4087,4
4088,26
4089,127
4090,308
4091,395
4092,195
4093,108
4094,175
4095,178
4096,175
4097,169
4098,181
4099,322
4100,569
4101,500
4102,397
4103,299
4104,261
4105,175
4106,104
4107,129
4108,87
4109,76
4110,47
4111,8
4112,9
4113,30
4114,60
4115,134
4116,203
4117,293
4118,363
4119,441
4120,391
4121,431
4122,391
4123,344
4124,462
4125,409
4126,354
4127,290
4128,208
4129,202
4130,161
4131,104
4132,104
4133,74
4134,40
4135,5
4136,12
4137,24
4138,66
4139,122
4140,204
4141,272
4142,382
4143,397
4144,393
4145,390
4146,387
4147,431
4148,462
4149,409
4150,356
4151,242
4152,211
4153,270
4154,145
4155,74
4156,17
4157,21
4158,4
4159,4
4160,30
4161,119
4162,305
4163,395
4164,190
4165,154
4166,175
4167,161
4168,225
4169,221
4170,187
4171,345
4172,531
4173,514
4174,356
4175,293
4176,239
4177,164
4178,94
4179,28
4180,28
4181,13
4182,4
4183,6
4184,18
4185,127
4186,308
4187,448
4188,196
4189,118
4190,141
4191,173
4192,172
4193,156
4194,187
4195,234
4196,531
4197,510
4198,379
4199,267
4200,196
4201,170
4202,109
4203,58
4204,16
4205,24
4206,2
4207,4
4208,30
4209,125
4210,323
4211,459
4212,224
4213,128
4214,156
4215,217
4216,183
4217,224
4218,134
4219,322
4220,565
4221,493
4222,385
4223,300
4224,233
4225,144
4226,79
4227,51
4228,26
4229,8
4230,7
4231,5
4232,23
4233,125
4234,323
4235,457
4236,226
4237,128
4238,129
4239,182
4240,218
4241,172
4242,296
4243,293
4244,579
4245,493
4246,359
4247,281
4248,247
4249,154
4250,93
4707,28
4708,24
4709,7
4710,6
4711,4
4712,21
4713,111
4714,312
4715,430
4716,189
4717,72
4718,141
4719,152
4720,162
4721,143
4722,197
4723,313
4724,545
4725,537
4726,380
4727,294
4728,221
4729,122
4730,82
4731,44
4732,15
4733,16
4734,5
4735,4
4736,22
4737,127
4738,323
4739,435
4740,210
4741,135
4742,126
4743,164
4744,144
4745,175
4746,153
4747,233
4748,486
4749,534
4750,380
4751,317
4752,221
4753,122
4754,82
4755,49
4756,12
4757,7
4758,4
4759,5
4760,22
4761,118
4762,313
4763,424
4764,189
4765,132
4766,133
4767,159
4768,154
4769,143
4770,153
4771,233
4772,486
4773,536
4774,368
4775,280
4776,205
4777,188
4778,82
4779,134
4780,95
4781,74
4782,29
4783,5
4784,14
4785,26
4786,55
4787,122
4788,200
4789,293
4790,323
4791,410
4792,391
4793,390
4794,369
4795,412
4796,356
4797,376
4798,356
4799,279
4800,217
4801,270
4802,139
4803,149
4804,95
4805,74
4806,29
4807,5
4808,14
4809,26
4810,55
4811,150
4812,203
4813,284
4814,339
4815,418
4816,444
4817,402
4818,342
4819,393
4820,382
4821,398
4822,356
4823,279
4824,347
4825,270
4826,115
4827,46
4828,24
4829,7
4830,4
4831,4
4832,22
4833,127
4834,313
4835,430
4836,189
4837,120
4838,133
4839,159
4840,184
4841,240
4842,163
4843,251
4844,529
4845,389
4846,403
4847,280
4848,245
4849,123
4850,103
4851,36
4852,24
4853,7
4854,5
4855,7
4856,24
4857,111
4858,295
4859,424
4860,223
4861,148
4862,189
4863,217
4864,156
4865,240
4866,280
4867,233
4868,498
4869,560
4870,368
4871,288
4872,235
4873,179
4874,82
4875,51
4876,19
4877,12
4878,7
4879,5
4880,28
4881,125
4882,314
4883,424
4884,223
4885,154
4886,189
4887,198
4888,156
4889,240
4890,280
4891,269
4892,515
4893,500
4894,359
4895,308
4896,261
4897,185
4898,109
4899,61
4900,21
4901,12
4902,7
4903,5
4904,24
4905,118
4906,296
4907,389
4908,203
4909,123
4910,126
4911,164
4912,144
4913,143
4914,197
4915,233
4916,486
4917,537
4918,380
4919,303
4920,205
4921,170
4922,73
4923,29
4924,13
4925,7
4926,4
4927,8
4928,22
4929,127
4930,322
4931,430
4932,196
4933,118
4934,146
4935,168
4936,223
4937,231
4938,153
4939,233
4940,498
4941,536
4942,368
4943,288
4944,261
4945,208
4946,109
4947,149
4948,95
4949,74
4950,40
4951,5
4952,6
4953,29
4954,58
4955,150
4956,203
4957,293
4958,376
4959,418
4960,419
4961,382
4962,369
4963,344
4964,375
4965,380
4966,355
4967,290
4968,235
4969,270
4970,139
4971,134
4972,95
4973,95
4974,29
4975,5
4976,15
4977,28
4978,55
4979,122
4980,208
4981,293
4982,376
4983,418
4984,391
4985,382
4986,346
4987,344
4988,356
4989,376
4990,354
4991,273
4992,217
4993,191
4994,154
5451,85
5452,73
5453,59
5454,37
5455,4
5456,12
5457,16
5458,43
5459,119
5460,196
5461,263
5462,309
5463,331
5464,409
5465,351
5466,328
5467,237
5468,299
5469,251
5470,243
5471,244
5472,125
5473,137
5474,67
5475,85
5476,73
5477,59
5478,37
5479,4
5480,7
5481,16
5482,31
5483,81
5484,211
5485,275
5486,309
5487,376
5488,297
5489,375
5490,342
5491,312
5492,299
5493,251
5494,248
5495,210
5496,140
5497,137
5498,114
5499,32
5500,15
5501,9
5502,4
5503,7
5504,28
5505,100
5506,340
5507,392
5508,204
5509,122
5510,168
5511,185
5512,170
5513,154
5514,186
5515,278
5516,583
5517,557
5518,378
5519,299
5520,217
5521,173
5522,103
5523,51
5524,24
5525,8
5526,6
5527,5
5528,29
5529,91
5530,267
5531,438
5532,187
5533,124
5534,123
5535,187
5536,235
5537,189
5538,213
5539,300
5540,583
5541,557
5542,374
5543,285
5544,200
5545,181
5546,74
5547,60
5548,23
5549,8
5550,5
5551,8
5552,18
5553,109
5554,306
5555,470
5556,202
5557,120
5558,150
5559,175
5560,192
5561,166
5562,178
5563,267
5564,540
5565,415
5566,359
5567,285
5568,201
5569,134
5570,96
5571,45
5572,16
5573,8
5574,5
5575,8
5576,28
5577,93
5578,295
5579,376
5580,202
5581,121
5582,143
5583,191
5584,174
5585,159
5586,170
5587,220
5588,478
5589,507
5590,265
5591,295
5592,192
5593,99
5594,94
5595,23
5596,19
5597,5
5598,5
5599,8
5600,18
5601,109
5602,266
5603,395
5604,222
5605,116
5606,143
5607,191
5608,159
5609,159
5610,216
5611,295
5612,543
5613,503
5614,231
5615,126
5616,149
5617,106
5618,85
5619,85
5620,73
5621,59
5622,37
5623,4
5624,7
5625,16
5626,31
5627,81
5628,159
5629,236
5630,309
5631,351
5632,265
5633,375
5634,342
5635,237
5636,231
5637,31
5638,81
5639,159
5640,275
5641,309
5642,376
5643,382
5644,351
5645,328
5646,237
5647,299
5648,251
5649,243
5650,262
5651,125
5652,137
5653,67
5654,39
5655,14
5656,8
5657,5
5658,8
5659,18
5660,103
5661,340
5662,444
5663,204
5664,122
5665,137
5666,171
5667,214
5668,171
5669,190
5670,301
5671,522
5672,504
5673,380
5674,285
5675,228
5676,181
5677,74
5678,39
5679,15
5680,7
5681,5
5682,6
5683,21
5684,109
5685,289
5686,470
5687,204
5688,122
5689,157
5690,187
5691,214
5692,189
5693,213
5694,300
5695,533
5696,504
5697,373
5698,299
5699,179
5700,191
5701,114
5702,39
5703,13
5704,12
5705,4
5706,6
5707,21
5708,109
5709,266
5710,395
5711,222
5712,140
5713,157
5714,171
5715,214
5716,189
5717,204
5718,301
5719,539
5720,370
5721,400
5722,298
5723,179
5724,143
5725,123
6179,37
6180,7
6181,13
6182,8
6183,3
6184,17
6185,66
6186,132
6187,261
6188,129
6189,102
6190,54
6191,62
6192,20
6193,72
6194,123
6195,150
6196,511
6197,323
6198,287
6199,153
6200,142
6201,155
6202,47
6203,16
6204,7
6205,2
6206,5
6207,3
6208,15
6209,56
6210,132
6211,261
6212,129
6213,47
6214,145
6215,105
6216,200
6217,168
6218,187
6219,333
6220,511
6221,475
6222,287
6223,153
6224,142
6225,155
6226,25
6227,16
6228,6
6229,2
6230,5
6231,3
6232,14
6233,56
6234,132
6235,261
6236,129
6237,102
6238,145
6239,140
6240,75
6241,72
6242,98
6243,333
6244,511
6245,323
6246,287
6247,149
6248,142
6249,155
6250,47
6251,15
6252,11
6253,4
6254,1
6255,5
6256,17
6257,110
6258,130
6259,261
6260,144
6261,67
6262,41
6263,48
6264,58
6265,78
6266,51
6267,99
6268,338
6269,204
6270,153
6271,153
6272,138
6273,95
6274,25
6275,84
6276,85
6277,41
6278,15
6279,8
6280,23
6281,25
6282,44
6283,186
6284,187
6285,298
6286,384
6287,261
6288,362
6289,338
6290,371
6291,371
6292,276
6293,231
6294,319
6295,213
6296,202
6297,150
6298,84
6299,112
6300,81
6301,41
6302,15
6303,8
6304,23
6305,4
6306,44
6307,174
6308,206
6309,351
6310,384
6311,399
6312,364
6313,338
6314,371
6315,371
6316,276
6317,231
6318,319
6319,214
6320,169
6321,144
6322,84
6323,23
6324,7
6325,13
6326,2
6327,5
6328,22
6329,110
6330,132
6331,261
6332,185
6333,67
6334,157
6335,128
6336,151
6337,159
6338,180
6339,333
6340,511
6341,323
6342,201
6343,92
6344,102
6345,96
6346,25
6347,15
6348,6
6349,4
6350,2
6351,5
6352,14
6353,65
6354,132
6355,261
6356,185
6357,67
6358,85
6359,88
6360,184
6361,159
6362,165
6363,165
6364,330
6365,403
6366,273
6367,247
6368,202
6369,96
6370,58
6371,23
6372,11
6373,2
6374,1
6375,6
6376,17
6377,56
6378,130
6379,202
6380,124
6381,47
6382,138
6383,143
6384,184
6385,193
6386,165
6387,298
6388,529
6389,403
6390,261
6391,207
6392,122
6393,96
6394,25
6395,14
6396,6
6397,5
6398,4
6399,5
6400,17
6401,110
6402,172
6403,416
6404,205
6405,125
6406,159
6407,200
6408,234
6409,194
6410,206
6411,313
6412,613
6413,582
6414,405
6415,248
6416,184
6417,150
6418,68
6419,20
6420,10
6421,14
6422,5
6423,7
6424,24
6425,71
6426,239
6427,459
6428,208
6429,156
6430,169
6431,198
6432,196
6433,190
6434,181
6435,298
6436,584
6437,527
6438,344
6439,222
6440,177
6441,129
6442,97
6898,20
6899,13
6900,2
6901,5
6902,5
6903,29
6904,71
6905,284
6906,307
6907,210
6908,128
6909,146
6910,206
6911,152
6912,178
6913,201
6914,295
6915,533
6916,558
6917,359
6918,228
6919,192
6920,128
6921,82
6922,38
6923,13
6924,7
6925,5
6926,7
6927,24
6928,105
6929,275
6930,393
6931,212
6932,132
6933,158
6934,206
6935,196
6936,178
6937,188
6938,312
6939,565
6940,494
6941,359
6942,228
6943,192
6944,128
6945,82
6946,97
6947,65
6948,60
6949,21
6950,10
6951,7
6952,15
6953,52
6954,178
6955,201
6956,351
6957,344
6958,388
6959,336
6960,481
6961,398
6962,436
6963,448
6964,393
6965,319
6966,197
6967,121
6968,106
6969,94
6970,91
6971,49
6972,24
6973,25
6974,10
6975,14
6976,18
6977,50
6978,85
6979,201
6980,351
6981,212
6982,239
6983,373
6984,482
6985,440
6986,436
6987,333
6988,443
6989,319
6990,197
6991,137
6992,106
6993,94
6994,49
6995,8
6996,4
6997,6
6998,6
6999,23
7000,113
7001,216
7002,307
7003,210
7004,149
7005,105
7006,164
7007,176
7008,168
7009,201
7010,311
7011,531
7012,501
7013,256
7014,253
7015,198
7016,130
7017,60
7018,32
7019,13
7020,3
7021,8
7022,6
7023,29
7024,113
7025,279
7026,442
7027,212
7028,134
7029,158
7030,206
7031,196
7032,178
7033,244
7034,333
7035,565
7036,529
7037,339
7038,253
7039,191
7040,128
7041,68
7042,32
7043,13
7044,7
7045,5
7046,6
7047,25
7048,74
7049,275
7050,435
7051,212
7052,153
7053,146
7054,212
7055,192
7056,152
7057,138
7058,187
7059,549
7060,475
7061,256
7062,232
7063,157
7064,95
7065,58
7066,48
7067,11
7068,4
7069,5
7070,5
7071,26
7072,113
7073,216
7074,307
7075,210
7076,97
7077,85
7078,90
7079,143
7080,152
7081,165
7082,298
7083,594
7084,531
7085,331
7086,221
7087,176
7088,128
7089,82
7090,38
7091,8
7092,7
7093,5
7094,6
7095,22
7096,105
7097,275
7098,393
7099,212
7100,154
7101,168
7102,215
7103,189
7104,180
7105,206
7106,312
7107,531
7108,501
7109,358
7110,253
7111,191
7112,128
7113,55
7114,88
7115,41
7116,43
7117,16
7118,7
7119,7
7120,17
7121,46
7122,65
7123,173
7124,292
7125,212
7126,239
7127,216
7128,321
7129,398
7130,214
7131,197
7132,350
7133,231
7134,76
7135,72
7136,95
7137,94
7138,88
7139,41
7140,43
7141,16
7142,6
7143,6
7144,12
7145,50
7146,65
7147,168
7148,306
7149,334
7150,388
7151,373
7152,481
7153,440
7154,436
7155,448
7156,365
7157,235
7158,186
7159,137
7160,106
7161,94
7162,41
7163,8
7164,4
7165,6
7166,6
7167,24
7168,105
7169,300
7170,394
7171,210
7172,154
7173,156
7174,202
7175,189
7176,180
7177,213
7178,312
7179,531
7180,554
7181,338
7182,253
7183,189
7184,130
7185,60
7642,68
7643,62
7644,21
7645,17
7646,7
7647,7
7648,15
7649,34
7650,88
7651,165
7652,247
7653,279
7654,328
7655,333
7656,377
7657,344
7658,341
7659,244
7660,196
7661,161
7662,140
7663,103
7664,81
7665,89
7666,27
7667,5
7668,7
7669,8
7670,3
7671,19
7672,77
7673,297
7674,334
7675,150
7676,82
7677,94
7678,177
7679,105
7680,62
7681,64
7682,98
7683,502
7684,376
7685,196
7686,168
7687,107
7688,111
7689,63
7690,26
7691,5
7692,7
7693,8
7694,3
7695,15
7696,85
7697,297
7698,451
7699,150
7700,79
7701,94
7702,116
7703,77
7704,62
7705,64
7706,98
7707,468
7708,376
7709,293
7710,168
7711,107
7712,111
7713,55
7714,22
7715,5
7716,7
7717,6
7718,6
7719,15
7720,77
7721,291
7722,334
7723,128
7724,120
7725,145
7726,184
7727,159
7728,155
7729,194
7730,177
7731,502
7732,431
7733,203
7734,177
7735,129
7736,102
7737,74
7738,69
7739,62
7740,21
7741,22
7742,7
7743,3
7744,15
7745,27
7746,91
7747,165
7748,244
7749,266
7750,332
7751,358
7752,392
7753,362
7754,348
7755,283
7756,222
7757,161
7758,140
7759,98
7760,81
7761,89
7762,26
7763,9
7764,5
7765,3
7766,6
7767,28
7768,92
7769,296
7770,434
7771,220
7772,121
7773,130
7774,178
7775,165
7776,147
7777,168
7778,282
7779,513
7780,461
7781,278
7782,195
7783,154
7784,107
7785,71
7786,69
7787,93
7788,37
7789,13
7790,6
7791,4
7792,11
7793,27
7794,91
7795,165
7796,247
7797,279
7798,328
7799,334
7800,353
7801,362
7802,341
7803,283
7804,211
7805,161
7806,140
7807,103
7808,81
7809,89
7810,69
7811,93
7812,37
7813,13
7814,6
7815,4
7816,11
7817,27
7818,87
7819,147
7820,247
7821,307
7822,328
7823,333
7824,403
7825,308
7826,341
7827,244
7828,211
7829,161
7830,124
7831,98
7832,81
7833,80
7834,23
7835,8
7836,6
7837,5
7838,27
7839,74
7840,305
7841,344
7842,198
7843,119
7844,132
7845,178
7846,192
7847,165
7848,176
7849,274
7850,529
7851,465
7852,293
7853,210
7854,121
7855,111
7856,63
7857,33
7858,5
7859,7
7860,4
7861,4
7862,15
7863,74
7864,320
7865,435
7866,243
7867,136
7868,94
7869,184
7870,124
7871,62
7872,64
7873,98
7874,502
7875,357
7876,161
7877,168
7878,107
7879,107
7880,60
7881,26
7882,10
7883,5
7884,3
7885,6
7886,23
7887,95
7888,307
7889,410
7890,210
7891,122
7892,112
7893,150
7894,159
7895,155
7896,194
7897,282
7898,452
7899,317
7900,203
7901,152
7902,129
7903,86
7904,74
8361,27
8362,11
8363,8
8364,2
8365,5
8366,21
8367,89
8368,228
8369,428
8370,242
8371,117
8372,137
8373,174
8374,150
8375,131
8376,165
8377,245
8378,379
8379,373
8380,220
8381,170
8382,158
8383,87
8384,67
8385,18
8386,11
8387,7
8388,1
8389,3
8390,24
8391,87
8392,244
8393,245
8394,134
8395,79
8396,83
8397,44
8398,52
8399,104
8400,37
8401,59
8402,188
8403,177
8404,137
8405,157
8406,165
8407,105
8408,57
8409,26
8410,12
8411,5
8412,3
8413,6
8414,22
8415,87
8416,164
8417,435
8418,218
8419,106
8420,141
8421,174
8422,149
8423,142
8424,165
8425,232
8426,379
8427,373
8428,220
8429,162
8430,151
8431,117
8432,78
8433,28
8434,14
8435,4
8436,3
8437,6
8438,22
8439,77
8440,231
8441,427
8442,252
8443,109
8444,118
8445,170
8446,159
8447,162
8448,171
8449,216
8450,371
8451,324
8452,259
8453,191
8454,146
8455,105
8456,67
8457,77
8458,56
8459,61
8460,33
8461,5
8462,7
8463,11
8464,15
8465,68
8466,124
8467,186
8468,222
8469,263
8470,261
8471,265
8472,263
8473,276
8474,160
8475,193
8476,164
8477,99
8478,96
8479,78
8480,67
8481,78
8482,56
8483,61
8484,33
8485,6
8486,11
8487,18
8488,68
8489,125
8490,172
8491,198
8492,286
8493,296
8494,280
8495,282
8496,276
8497,238
8498,197
8499,140
8500,99
8501,86
8502,97
8503,61
8504,74
8505,57
8506,56
8507,3
8508,7
8509,10
8510,16
8511,66
8512,124
8513,186
8514,222
8515,263
8516,261
8517,265
8518,263
8519,231
8520,160
8521,193
8522,140
8523,99
8524,99
8525,78
8526,61
8527,18
8528,10
8529,5
8530,5
8531,3
8532,18
8533,94
8534,267
8535,428
8536,229
8537,115
8538,137
8539,88
8540,52
8541,131
8542,37
8543,59
8544,207
8545,177
8546,220
8547,177
8548,158
8549,117
8550,57
8551,22
8552,9
8553,8
8554,5
8555,18
8556,94
8557,251
8558,458
8559,252
8560,117
8561,134
8562,170
8563,159
8564,162
8565,170
8566,215
8567,381
8568,324
8569,239
8570,183
8571,120
8572,106
8573,77
8574,27
8575,12
8576,6
8577,5
8578,3
8579,18
8580,89
8581,195
8582,398
8583,201
8584,115
8585,137
8586,174
8587,149
8588,131
8589,124
8590,219
8591,379
8592,373
8593,246
8594,170
8595,158
8596,105
8597,67
8598,18
8599,11
8600,5
8601,2
8602,3
8603,21
8604,77
8605,195
8606,398
8607,233
8608,117
8609,143
8610,174
8611,149
8612,160
8613,158
8614,204
8615,387
8616,373
8617,239
8618,170
8619,158
8620,105
8621,77
8622,78
8623,57
8624,56
8625,25
8626,5
8627,7
8628,11
8629,28
8630,59
8631,125
8632,205
8633,212
8634,263
8635,261
8636,280
8637,263
8638,276
8639,184
8640,193
8641,164
8642,99
8643,86
8644,78
8645,77
9099,14
9100,4
9101,4
9102,3
9103,3
9104,16
9105,86
9106,151
9107,258
9108,183
9109,98
9110,94
9111,119
9112,121
9113,118
9114,123
9115,162
9116,288
9117,372
9118,224
9119,144
9120,96
9121,71
9122,51
9123,51
9124,46
9125,46
9126,20
9127,8
9128,7
9129,3
9130,13
9131,60
9132,85
9133,136
9134,251
9135,193
9136,221
9137,249
9138,297
9139,197
9140,168
9141,162
9142,124
9143,86
9144,60
9145,52
9146,29
9147,51
9148,46
9149,46
9150,22
9151,8
9152,7
9153,3
9154,13
9155,60
9156,113
9157,126
9158,251
9159,193
9160,221
9161,249
9162,297
9163,197
9164,168
9165,162
9166,128
9167,108
9168,60
9169,52
9170,29
9171,21
9172,6
9173,5
9174,4
9175,2
9176,19
9177,72
9178,165
9179,503
9180,210
9181,90
9182,109
9183,115
9184,124
9185,91
9186,74
9187,83
9188,143
9189,259
9190,141
9191,186
9192,97
9193,91
9194,59
9195,8
9196,4
9197,3
9198,5
9199,3
9200,19
9201,81
9202,173
9203,503
9204,227
9205,93
9206,109
9207,115
9208,124
9209,91
9210,128
9211,199
9212,143
9213,402
9214,273
9215,186
9216,145
9217,81
9218,76
9219,21
9220,4
9221,8
9222,5
9223,2
9224,17
9225,65
9226,151
9227,300
9228,154
9229,89
9230,106
9231,147
9232,161
9233,148
9234,153
9235,239
9236,397
9237,259
9238,273
9239,220
9240,106
9241,92
9242,66
9243,21
9244,7
9245,8
9246,4
9247,3
9248,17
9249,72
9250,165
9251,503
9252,213
9253,93
9254,109
9255,115
9256,124
9257,84
9258,133
9259,165
9260,143
9261,259
9262,211
9263,186
9264,145
9265,81
9266,76
9267,29
9268,5
9269,3
9270,5
9271,3
9272,14
9273,73
9274,173
9275,300
9276,149
9277,76
9278,109
9279,115
9280,153
9281,119
9282,132
9283,229
9284,397
9285,412
9286,271
9287,172
9288,141
9289,77
9290,47
9291,85
9292,67
9293,46
9294,20
9295,9
9296,7
9297,3
9298,13
9299,60
9300,85
9301,136
9302,290
9303,193
9304,221
9305,224
9306,297
9307,264
9308,206
9309,239
9310,124
9311,129
9312,67
9313,49
9314,31
9315,85
9316,42
9317,42
9318,11
9319,6
9320,5
9321,3
9322,20
9323,55
9324,85
9325,178
9326,217
9327,210
9328,198
9329,209
9330,389
9331,179
9332,182
9333,131
9334,101
9335,95
9336,67
9337,52
9338,55
9339,11
9340,4
9341,4
9342,3
9343,2
9344,16
9345,85
9346,220
9347,369
9348,183
9349,98
9350,72
9351,114
9352,148
9353,147
9354,127
9355,245
9356,288
9357,401
9358,232
9359,150
9360,96
9361,106
9362,60
9363,14
9364,4
9365,4
9366,3
9367,2
9368,15
9369,87
9370,208
9371,421
9372,197
9373,101
9374,107
9375,165
9376,191
9377,142
9378,127
9379,267
9380,397
9381,401
9382,268
9383,188
9384,99
9385,112
9386,44
9842,69
9843,47
9844,53
9845,17
9846,2
9847,3
9848,16
9849,41
9850,92
9851,119
9852,175
9853,308
9854,267
9855,335
9856,262
9857,308
9858,231
9859,206
9860,74
9861,56
9862,90
9863,109
9864,58
9865,28
9866,5
9867,4
9868,2
9869,20
9870,92
9871,280
9872,473
9873,239
9874,80
9875,122
9876,148
9877,162
9878,139
9879,139
9880,248
9881,494
9882,408
9883,296
9884,213
9885,166
9886,102
9887,61
9888,23
9889,9
9890,7
9891,3
9892,1
9893,21
9894,87
9895,284
9896,503
9897,232
9898,80
9899,107
9900,144
9901,178
9902,152
9903,158
9904,271
9905,494
9906,391
9907,308
9908,224
9909,138
9910,123
9911,56
9912,27
9913,13
9914,7
9915,3
9916,1
9917,21
9918,71
9919,304
9920,471
9921,239
9922,80
9923,140
9924,167
9925,185
9926,136
9927,158
9928,260
9929,498
9930,522
9931,296
9932,224
9933,143
9934,129
9935,90
9936,32
9937,15
9938,8
9939,2
9940,1
9941,19
9942,72
9943,304
9944,474
9945,239
9946,80
9947,88
9948,164
9949,95
9950,124
9951,113
9952,96
9953,222
9954,260
9955,209
9956,238
9957,138
9958,108
9959,56
9960,80
9961,57
9962,44
9963,17
9964,4
9965,2
9966,3
9967,16
9968,41
9969,92
9970,169
9971,175
9972,308
9973,199
9974,269
9975,204
9976,284
9977,122
9978,102
9979,74
9980,56
9981,75
9982,37
9983,47
9984,80
9985,57
9986,36
9987,17
9988,5
9989,2
9990,3
9991,16
9992,41
9993,92
9994,141
9995,175
9996,308
9997,267
9998,335
9999,262
10000,308
10001,231
10002,206
10003,74
10004,56
10005,90
10006,109
10007,58
10008,23
10009,17
10010,4
10011,3
10012,1
10013,21
10014,82
10015,228
10016,513
10017,272
10018,106
10019,151
10020,167
10021,177
10022,154
10023,158
10024,271
10025,494
10026,393
10027,304
10028,192
10029,138
10030,123
10031,56
10032,22
10033,15
10034,6
10035,3
10036,1
10037,16
10038,68
10039,212
10040,444
10041,218
10042,113
10043,114
10044,196
10045,166
10046,140
10047,150
10048,224
10049,403
10050,467
10051,296
10052,177
10053,143
10054,113
10055,56
10056,32
10057,9
10058,5
10059,1
10060,21
10061,92
10062,284
10063,503
10064,239
10065,80
10066,88
10067,144
10068,95
10069,124
10070,114
10071,96
10072,222
10073,260
10074,209
10075,138
10076,125
10077,104
10078,75
10534,48
10535,21
10536,3
10537,2
10538,3
10539,24
10540,106
10541,329
10542,586
10543,314
10544,161
10545,204
10546,263
10547,246
10548,231
10549,170
10550,393
10551,193
10552,577
10553,422
10554,340
10555,233
10556,158
10557,90
10558,18
10559,14
10560,4
10561,2
10562,3
10563,22
10564,106
10565,329
10566,586
10567,314
10568,163
10569,210
10570,279
10571,249
10572,231
10573,102
10574,312
10575,373
10576,456
10577,567
10578,247
10579,145
10580,155
10581,62
10582,21
10583,14
10584,4
10585,4
10586,4
10587,24
10588,109
10589,329
10590,586
10591,327
10592,161
10593,204
10594,288
10595,249
10596,231
10597,102
10598,312
10599,618
10600,560
10601,505
10602,330
10603,206
10604,155
10605,62
10606,21
10607,14
10608,4
10609,4
10610,4
10611,24
10612,109
10613,329
10614,586
10615,321
10616,161
10617,206
10618,263
10619,255
10620,235
10621,248
10622,373
10623,730
10624,735
10625,452
10626,340
10627,255
10628,190
10629,75
10630,103
10631,109
10632,68
10633,17
10634,9
10635,23
10636,81
10637,236
10638,407
10639,298
10640,401
10641,291
10642,577
10643,504
10644,541
10645,626
10646,598
10647,548
10648,445
10649,384
10650,234
10651,185
10652,84
10653,190
10654,103
10655,91
10656,47
10657,23
10658,9
10659,23
10660,20
10661,51
10662,407
10663,298
10664,401
10665,291
10666,474
10667,504
10668,541
10669,626
10670,598
10671,548
10672,445
10673,384
10674,234
10675,185
10676,84
10677,190
10678,37
10679,20
10680,4
10681,3
10682,3
10683,28
10684,106
10685,376
10686,628
10687,308
10688,188
10689,216
10690,248
10691,252
10692,201
10693,194
10694,342
10695,611
10696,540
10697,445
10698,279
10699,185
10700,92
10701,96
10702,37
10703,12
10704,3
10705,1
10706,2
10707,22
10708,114
10709,300
10710,573
10711,339
10712,195
10713,181
10714,186
10715,227
10716,255
10717,299
10718,443
10719,780
10720,684
10721,492
10722,332
10723,167
10724,158
10725,76
10726,31
10727,16
10728,4
10729,6
10730,4
10731,22
10732,103
10733,257
10734,548
10735,285
10736,227
10737,185
10738,276
10739,222
10740,198
10741,275
10742,373
10743,728
10744,729
10745,487
10746,330
10747,224
10748,208
10749,120
10750,48
10751,25
10752,4
10753,4
10754,4
10755,26
10756,92
10757,257
10758,545
10759,276
10760,227
10761,211
10762,248
10763,222
10764,190
10765,374
10766,378
10767,605
10768,571
10769,344
10770,219
10771,153
10772,124
10773,73
10774,46
10775,14
10776,5
10777,7
10778,3
10779,27
10780,97
10781,347
10782,628
10783,239
10784,160
10785,234
10786,200
10787,264
10788,168
10789,247
10790,222
10791,308
10792,584
10793,297
10794,223
10795,227
10796,165
10797,134
10798,87
10799,87
10800,68
10801,23
10802,10
10803,28
10804,20
10805,51
10806,157
10807,298
10808,401
10809,518
10810,548
10811,575
10812,541
10813,626
10814,563
10815,589
10816,445
10817,381
10818,251
10819,185
10820,97
10821,190
11276,21
11277,11
11278,4
11279,5
11280,3
11281,25
11282,111
11283,362
11284,680
11285,310
11286,168
11287,174
11288,300
11289,260
11290,272
11291,236
11292,396
11293,746
11294,767
11295,540
11296,332
11297,228
11298,205
11299,171
11300,54
11301,84
11302,47
11303,16
11304,9
11305,28
11306,77
11307,235
11308,378
11309,263
11310,413
11311,389
11312,453
11313,472
11314,458
11315,637
11316,563
11317,667
11318,554
11319,362
11320,261
11321,224
11322,140
11323,143
11324,54
11325,66
11326,47
11327,16
11328,10
11329,28
11330,77
11331,235
11332,378
11333,263
11334,390
11335,351
11336,358
11337,572
11338,424
11339,595
11340,563
11341,589
11342,455
11343,362
11344,261
11345,224
11346,140
11347,143
11348,20
11349,11
11350,4
11351,8
11352,1
11353,22
11354,103
11355,345
11356,606
11357,303
11358,171
11359,164
11360,231
11361,222
11362,179
11363,154
11364,271
11365,533
11366,632
11367,477
11368,247
11369,228
11370,148
11371,134
11372,21
11373,11
11374,4
11375,8
11376,1
11377,22
11378,99
11379,306
11380,606
11381,320
11382,192
11383,257
11384,298
11385,384
11386,240
11387,370
11388,382
11389,644
11390,684
11391,453
11392,267
11393,214
11394,158
11395,101
11396,37
11397,20
11398,5
11399,7
11400,3
11401,27
11402,113
11403,362
11404,680
11405,354
11406,205
11407,236
11408,298
11409,351
11410,240
11411,259
11412,366
11413,743
11414,696
11415,492
11416,332
11417,255
11418,203
11419,107
11420,33
11421,10
11422,5
11423,7
11424,4
11425,27
11426,99
11427,306
11428,680
11429,310
11430,185
11431,174
11432,223
11433,200
11434,211
11435,154
11436,312
11437,618
11438,632
11439,477
11440,332
11441,228
11442,205
11443,107
11444,30
11445,9
11446,7
11447,6
11448,4
11449,22
11450,103
11451,300
11452,583
11453,275
11454,227
11455,205
11456,309
11457,287
11458,255
11459,370
11460,377
11461,644
11462,657
11463,450
11464,266
11465,231
11466,158
11467,89
11468,89
11469,88
11470,53
11471,38
11472,10
11473,7
11474,17
11475,65
11476,90
11477,270
11478,384
11479,484
11480,540
11481,572
11482,569
11483,595
11484,563
11485,557
11486,455
11487,402
11488,261
11489,224
11490,140
11491,143
11492,54
11493,66
11494,77
11495,28
11496,13
11497,12
11498,59
11499,74
11500,142
11501,270
11502,383
11503,507
11504,453
11505,572
11506,594
11507,615
11508,546
11509,636
11510,413
11511,419
11512,249
11513,175
11514,140
11515,157
11516,21
11517,12
11518,5
11519,5
11520,1
11521,21
11522,116
11523,386
11524,600
11525,340
11526,186
11527,231
11528,270
11529,264
11530,211
11531,180
11532,312
11533,618
11534,632
11535,477
11536,332
11537,255
11538,198
11539,140
11996,135
11997,98
11998,62
11999,33
12000,11
12001,12
12002,19
12003,51
12004,175
12005,313
12006,380
12007,507
12008,540
12009,630
12010,583
12011,631
12012,577
12013,527
12014,490
12015,394
12016,253
12017,186
12018,202
12019,125
12020,62
12021,11
12022,11
12023,8
12024,3
12025,22
12026,44
12027,263
12028,598
12029,229
12030,182
12031,131
12032,178
12033,202
12034,177
12035,165
12036,250
12037,691
12038,773
12039,517
12040,341
12041,290
12042,164
12043,163
12044,62
12045,33
12046,7
12047,6
12048,3
12049,26
12050,130
12051,238
12052,524
12053,325
12054,173
12055,192
12056,282
12057,258
12058,212
12059,257
12060,372
12061,692
12062,719
12063,517
12064,361
12065,225
12066,228
12067,175
12068,41
12069,33
12070,13
12071,6
12072,5
12073,22
12074,130
12075,398
12076,658
12077,309
12078,185
12079,229
12080,282
12081,207
12082,222
12083,257
12084,372
12085,691
12086,719
12087,404
12088,226
12089,225
12090,164
12091,163
12092,40
12093,15
12094,9
12095,6
12096,3
12097,26
12098,75
12099,450
12100,524
12101,348
12102,176
12103,235
12104,299
12105,257
12106,223
12107,272
12108,249
12109,704
12110,763
12111,556
12112,380
12113,267
12114,164
12115,163
12116,41
12117,33
12118,13
12119,6
12120,3
12121,33
12122,130
12123,388
12124,537
12125,348
12126,185
12127,131
12128,266
12129,234
12130,222
12131,269
12132,397
12133,704
12134,719
12135,556
12136,397
12137,258
12138,228
12139,163
12140,84
12141,100
12142,78
12143,30
12144,12
12145,11
12146,29
12147,51
12148,155
12149,237
12150,382
12151,421
12152,540
12153,630
12154,535
12155,631
12156,554
12157,539
12158,595
12159,394
12160,281
12161,199
12162,202
12163,111
12164,146
12165,100
12166,69
12167,30
12168,12
12169,16
12170,19
12171,51
12172,155
12173,237
12174,391
12175,501
12176,540
12177,630
12178,535
12179,631
12180,603
12181,490
12182,490
12183,407
12184,281
12185,186
12186,202
12187,125
12188,84
12189,100
12190,78
12191,30
12192,12
12193,11
12194,19
12195,51
12196,176
12197,309
12198,421
12199,501
12200,554
12201,630
12202,535
12203,631
12204,603
12205,490
12206,490
12207,394
12208,253
12209,199
12210,202
12211,156
12212,41
12213,31
12214,13
12215,2
12216,5
12217,25
12218,92
12219,410
12220,524
12221,321
12222,163
12223,209
12224,299
12225,260
12226,157
12227,289
12228,404
12229,687
12230,660
12231,556
12232,380
12233,174
12234,164
12235,96
12236,43
12237,15
12238,3
12239,4
12240,3
12241,27
12242,76
12243,410
12244,692
12245,354
12246,163
12247,207
12248,339
12249,338
12250,266
12251,257
12252,398
12253,692
12254,776
12255,504
12256,324
12257,258
12258,228
12259,175
12260,40
12261,34
12262,14
12263,6
12264,9
12265,27
12266,149
12267,468
12268,687
12269,341
12270,182
12271,246
12272,354
12273,361
12274,310
12275,353
12276,499
12277,832
12278,857
12279,510
12280,391
12281,244
12282,241
12283,146
12740,64
12741,14
12742,10
12743,7
12744,8
12745,41
12746,138
12747,491
12748,663
12749,322
12750,181
12751,244
12752,332
12753,287
12754,320
12755,316
12756,459
12757,787
12758,809
12759,575
12760,396
12761,336
12762,274
12763,147
12764,55
12765,14
12766,15
12767,3
12768,8
12769,41
12770,152
12771,511
12772,684
12773,296
12774,176
12775,233
12776,237
12777,328
12778,258
12779,264
12780,410
12781,729
12782,774
12783,460
12784,413
12785,311
12786,254
12787,147
12788,61
12789,18
12790,11
12791,3
12792,7
12793,43
12794,130
12795,446
12796,608
12797,333
12798,197
12799,268
12800,263
12801,273
12802,235
12803,224
12804,373
12805,842
12806,713
12807,633
12808,412
12809,223
12810,224
12811,168
12812,122
12813,96
12814,94
12815,30
12816,7
12817,8
12818,31
12819,54
12820,150
12821,353
12822,450
12823,481
12824,491
12825,554
12826,610
12827,515
12828,521
12829,495
12830,473
12831,457
12832,338
12833,287
12834,189
12835,109
12836,198
12837,119
12838,79
12839,28
12840,8
12841,9
12842,63
12843,74
12844,198
12845,242
12846,439
12847,532
12848,512
12849,635
12850,561
12851,515
12852,521
12853,549
12854,530
12855,457
12856,451
12857,268
12858,152
12859,170
12860,35
12861,18
12862,11
12863,9
12864,8
12865,37
12866,152
12867,371
12868,677
12869,336
12870,172
12871,233
12872,315
12873,320
12874,253
12875,270
12876,475
12877,845
12878,783
12879,613
12880,454
12881,354
12882,203
12883,154
12884,67
12885,25
12886,12
12887,6
12888,9
12889,37
12890,145
12891,495
12892,688
12893,288
12894,218
12895,251
12896,308
12897,294
12898,295
12899,270
12900,420
12901,845
12902,778
12903,511
12904,469
12905,298
12906,233
12907,194
12908,87
12909,40
12910,13
12911,7
12912,9
12913,37
12914,145
12915,495
12916,621
12917,288
12918,229
12919,240
12920,320
12921,365
12922,264
12923,270
12924,457
12925,845
12926,813
12927,613
12928,417
12929,298
12930,245
12931,213
12932,82
12933,40
12934,14
12935,7
12936,7
12937,37
12938,145
12939,440
12940,567
12941,337
12942,231
12943,225
12944,320
12945,259
12946,227
12947,325
12948,410
12949,814
12950,645
12951,551
12952,374
12953,275
12954,176
12955,213
12956,87
12957,40
12958,11
12959,4
12960,6
12961,37
12962,153
12963,489
12964,631
12965,337
12966,162
12967,233
12968,239
12969,273
12970,192
12971,322
12972,410
12973,762
12974,751
12975,518
12976,413
12977,311
12978,254
12979,162
12980,136
12981,122
12982,102
12983,30
12984,14
12985,8
12986,28
12987,54
12988,157
12989,278
12990,345
12991,372
12992,482
12993,538
12994,460
12995,410
12996,461
12997,387
12998,471
12999,407
13000,413
13001,418
13002,361
13003,129
13460,41
13461,16
13462,5
13463,6
13464,5
13465,34
13466,181
13467,371
13468,564
13469,345
13470,194
13471,222
13472,322
13473,246
13474,219
13475,278
13476,305
13477,562
13478,725
13479,465
13480,230
13481,264
13482,158
13483,84
13484,168
13485,130
13486,86
13487,31
13488,11
13489,9
13490,31
13491,59
13492,143
13493,251
13494,374
13495,445
13496,494
13497,535
13498,511
13499,524
13500,393
13501,425
13502,331
13503,371
13504,325
13505,246
13506,171
13507,167
13508,168
13509,130
13510,102
13511,31
13512,11
13513,12
13514,31
13515,48
13516,143
13517,251
13518,350
13519,445
13520,494
13521,535
13522,511
13523,524
13524,393
13525,425
13526,331
13527,281
13528,289
13529,246
13530,312
13531,151
13532,41
13533,14
13534,5
13535,6
13536,5
13537,34
13538,181
13539,375
13540,564
13541,329
13542,188
13543,232
13544,322
13545,263
13546,219
13547,286
13548,425
13549,860
13550,848
13551,581
13552,410
13553,329
13554,254
13555,146
13556,56
13557,14
13558,10
13559,8
13560,8
13561,41
13562,181
13563,516
13564,684
13565,312
13566,192
13567,239
13568,234
13569,246
13570,241
13571,278
13572,318
13573,833
13574,725
13575,573
13576,410
13577,262
13578,230
13579,156
13580,48
13581,44
13582,16
13583,4
13584,6
13585,40
13586,142
13587,413
13588,567
13589,299
13590,212
13591,260
13592,335
13593,327
13594,225
13595,293
13596,425
13597,802
13598,751
13599,499
13600,451
13601,294
13602,206
13603,156
13604,48
13605,20
13606,12
13607,4
13608,5
13609,45
13610,146
13611,362
13612,564
13613,329
13614,194
13615,222
13616,234
13617,246
13618,205
13619,224
13620,389
13621,742
13622,583
13623,518
13624,413
13625,259
13626,206
13627,148
13628,62
13629,18
13630,15
13631,6
13632,8
13633,39
13634,165
13635,507
13636,684
13637,306
13638,198
13639,233
13640,271
13641,259
13642,205
13643,249
13644,412
13645,833
13646,704
13647,582
13648,410
13649,329
13650,254
13651,148
13652,148
13653,82
13654,74
13655,33
13656,10
13657,9
13658,29
13659,59
13660,147
13661,230
13662,374
13663,431
13664,463
13665,489
13666,460
13667,399
13668,442
13669,346
13670,371
13671,371
13672,325
13673,246
13674,171
13675,167
13676,168
13677,130
13678,74
13679,31
13680,10
13681,9
13682,31
13683,59
13684,147
13685,262
13686,350
13687,468
13688,463
13689,535
13690,511
13691,524
13692,442
13693,346
13694,371
13695,341
13696,320
13697,246
13698,312
13699,167
13700,56
13701,25
13702,11
13703,6
13704,8
13705,41
13706,181
13707,501
13708,670
13709,329
13710,194
13711,222
13712,322
13713,263
13714,241
13715,278
13716,389
13717,833
13718,619
13719,613
13720,225
13721,262
13722,158
13723,148
13724,43
13725,14
13726,10
13727,6
13728,8
13729,36
13730,181
13731,371
13732,564
13733,329
13734,188
13735,222
13736,335
13737,246
13738,241
13739,286
13740,318
13741,833
13742,751
13743,521
13744,225
13745,264
13746,122
13747,84
14204,47
14205,30
14206,12
14207,6
14208,6
14209,40
14210,118
14211,333
14212,686
14213,376
14214,222
14215,224
14216,284
14217,287
14218,245
14219,280
14220,454
14221,790
14222,872
14223,639
14224,403
14225,349
14226,220
14227,154
14228,52
14229,30
14230,12
14231,6
14232,9
14233,44
14234,118
14235,333
14236,693
14237,376
14238,234
14239,215
14240,282
14241,283
14242,248
14243,290
14244,457
14245,790
14246,830
14247,629
14248,437
14249,349
14250,220
14251,147
14252,47
14253,31
14254,13
14255,6
14256,6
14257,44
14258,177
14259,300
14260,722
14261,371
14262,234
14263,215
14264,282
14265,287
14266,236
14267,284
14268,473
14269,790
14270,852
14271,629
14272,442
14273,349
14274,198
14275,147
14276,69
14277,31
14278,13
14279,6
14280,6
14281,40
14282,177
14283,333
14284,718
14285,371
14286,225
14287,235
14288,310
14289,267
14290,245
14291,284
14292,432
14293,783
14294,830
14295,602
14296,470
14297,348
14298,207
14299,154
14300,69
14301,17
14302,8
14303,6
14304,10
14305,44
14306,177
14307,300
14308,672
14309,323
14310,190
14311,235
14312,280
14313,267
14314,236
14315,284
14316,428
14317,790
14318,852
14319,602
14320,466
14321,302
14322,198
14323,151
14324,153
14325,123
14326,85
14327,51
14328,18
14329,10
14330,21
14331,52
14332,148
14333,274
14334,438
14335,468
14336,518
14337,583
14338,373
14339,542
14340,388
14341,427
14342,264
14343,263
14344,233
14345,159
14346,112
14347,125
14348,133
14349,119
14350,64
14351,30
14352,11
14353,14
14354,21
14355,63
14356,148
14357,274
14358,380
14359,468
14360,518
14361,342
14362,373
14363,586
14364,388
14365,427
14366,303
14367,230
14368,233
14369,159
14370,112
14371,125
14372,60
14373,30
14374,12
14375,6
14376,6
14377,41
14378,177
14379,156
14380,611
14381,338
14382,222
14383,224
14384,282
14385,266
14386,256
14387,331
14388,473
14389,851
14390,830
14391,669
14392,506
14393,284
14394,225
14395,166
14396,53
14397,22
14398,12
14399,6
14400,6
14401,44
14402,118
14403,333
14404,368
14405,338
14406,219
14407,230
14408,281
14409,327
14410,293
14411,267
14412,437
14413,853
14414,829
14415,616
14416,470
14417,335
14418,207
14419,191
14420,69
14421,28
14422,12
14423,6
14424,4
14425,43
14426,121
14427,428
14428,693
14429,374
14430,206
14431,252
14432,311
14433,297
14434,236
14435,276
14436,457
14437,857
14438,845
14439,602
14440,437
14441,335
14442,207
14443,191
14444,69
14445,29
14446,8
14447,6
14448,10
14449,37
14450,118
14451,300
14452,671
14453,323
14454,190
14455,259
14456,285
14457,287
14458,240
14459,284
14460,432
14461,853
14462,837
14463,616
14464,429
14465,335
14466,198
14467,166
14468,47
14469,23
14470,13
14471,6
14472,9
14473,42
14474,118
14475,156
14476,672
14477,371
14478,234
14479,259
14480,309
14481,305
14482,247
14483,263
14484,454
14485,857
14486,827
14487,650
14488,470
14489,296
14490,244
14491,151
14948,40
14949,21
14950,20
14951,12
14952,7
14953,44
14954,181
14955,544
14956,764
14957,318
14958,198
14959,239
14960,324
14961,286
14962,322
14963,359
14964,536
14965,878
14966,822
14967,626
14968,466
14969,329
14970,214
14971,118
14972,72
14973,15
14974,19
14975,7
14976,9
14977,49
14978,181
14979,531
14980,768
14981,313
14982,203
14983,242
14984,366
14985,348
14986,292
14987,359
14988,469
14989,835
14990,822
14991,621
14992,427
14993,220
14994,222
14995,208
14996,178
14997,89
14998,86
14999,44
15000,19
15001,35
15002,34
15003,70
15004,179
15005,297
15006,458
15007,538
15008,507
15009,617
15010,681
15011,608
15012,581
15013,700
15014,481
15015,388
15016,343
15017,198
15018,157
15019,93
15020,147
15021,116
15022,82
15023,30
15024,11
15025,10
15026,31
15027,71
15028,170
15029,261
15030,461
15031,539
15032,614
15033,699
15034,641
15035,605
15036,641
15037,700
15038,543
15039,405
15040,288
15041,243
15042,155
15043,113
15044,38
15045,25
15046,13
15047,10
15048,8
15049,46
15050,191
15051,539
15052,763
15053,358
15054,207
15055,269
15056,319
15057,297
15058,301
15059,318
15060,467
15061,914
15062,857
15063,552
15064,358
15065,329
15066,178
15067,154
15068,47
15069,19
15070,8
15071,7
15072,8
15073,44
15074,157
15075,422
15076,783
15077,358
15078,219
15079,270
15080,345
15081,297
15082,313
15083,408
15084,527
15085,878
15086,922
15087,607
15088,389
15089,236
15090,152
15091,145
15092,37
15093,23
15094,7
15095,8
15096,10
15097,48
15098,159
15099,512
15100,782
15101,313
15102,210
15103,260
15104,348
15105,318
15106,285
15107,397
15108,512
15109,878
15110,806
15111,607
15112,427
15113,286
15114,240
15115,209
15116,72
15117,34
15118,6
15119,12
15120,7
15121,49
15122,156
15123,531
15124,768
15125,361
15126,213
15127,268
15128,382
15129,353
15130,307
15131,331
15132,507
15133,849
15134,804
15135,604
15136,389
15137,220
15138,246
15139,170
15140,56
15141,20
15142,9
15143,9
15144,10
15145,40
15146,155
15147,304
15148,787
15149,224
15150,110
15151,222
15152,393
15153,313
15154,276
15155,339
15156,454
15157,828
15158,848
15159,607
15160,439
15161,308
15162,142
15163,145
15164,119
15165,116
15166,82
15167,41
15168,8
15169,32
15170,31
15171,71
15172,130
15173,259
15174,461
15175,539
15176,634
15177,699
15178,681
15179,605
15180,641
15181,700
15182,477
15183,338
15184,251
15185,250
15186,191
15187,113
15188,188
15189,113
15190,77
15191,47
15192,9
15193,17
15194,47
15195,70
15196,130
15197,191
15198,459
15199,572
15200,634
15201,699
15202,681
15203,605
15204,641
15205,700
15206,475
15207,353
15208,171
15209,243
15210,133
15211,113
15668,119
15669,74
15670,70
15671,33
15672,9
15673,14
15674,41
15675,112
15676,264
15677,209
15678,387
15679,401
15680,567
15681,644
15682,508
15683,492
15684,609
15685,533
15686,484
15687,336
15688,251
15689,177
15690,157
15691,97
15692,188
15693,110
15694,70
15695,12
15696,11
15697,10
15698,43
15699,112
15700,153
15701,299
15702,483
15703,510
15704,567
15705,644
15706,607
15707,591
15708,609
15709,533
15710,463
15711,336
15712,251
15713,177
15714,157
15715,97
15716,47
15717,27
15718,14
15719,6
15720,7
15721,35
15722,149
15723,437
15724,826
15725,362
15726,203
15727,262
15728,324
15729,298
15730,309
15731,394
15732,512
15733,945
15734,748
15735,532
15736,423
15737,239
15738,176
15739,107
15740,45
15741,16
15742,11
15743,5
15744,9
15745,35
15746,149
15747,495
15748,764
15749,384
15750,203
15751,224
15752,395
15753,360
15754,257
15755,394
15756,512
15757,915
15758,824
15759,563
15760,400
15761,258
15762,198
15763,94
15764,73
15765,41
15766,11
15767,5
15768,10
15769,38
15770,165
15771,467
15772,796
15773,384
15774,203
15775,224
15776,323
15777,360
15778,289
15779,324
15780,512
15781,918
15782,824
15783,563
15784,469
15785,294
15786,224
15787,94
15788,66
15789,41
15790,11
15791,5
15792,10
15793,41
15794,154
15795,468
15796,748
15797,374
15798,134
15799,164
15800,182
15801,216
15802,203
15803,303
15804,437
15805,827
15806,698
15807,377
15808,267
15809,309
15810,198
15811,107
15812,66
15813,12
15814,6
15815,5
15816,7
15817,41
15818,177
15819,344
15820,638
15821,237
15822,134
15823,211
15824,309
15825,306
15826,304
15827,303
15828,399
15829,828
15830,698
15831,376
15832,294
15833,273
15834,218
15835,135
15836,119
15837,74
15838,45
15839,33
15840,9
15841,14
15842,27
15843,119
15844,169
15845,309
15846,483
15847,415
15848,567
15849,644
15850,607
15851,495
15852,355
15853,518
15854,454
15855,353
15856,171
15857,177
15858,157
15859,115
15860,119
15861,110
15862,45
15863,42
15864,11
15865,10
15866,26
15867,77
15868,264
15869,277
15870,483
15871,510
15872,477
15873,664
15874,518
15875,594
15876,355
15877,518
15878,281
15879,353
15880,171
15881,173
15882,157
15883,74
15884,44
15885,192
15886,214
15887,231
15888,399
15889,828
15890,698
15891,515
15892,294
15893,267
15894,171
15895,107
15896,40
15897,17
15898,15
15899,6
15900,5
15901,38
15902,143
15903,428
15904,748
15905,384
15906,191
15907,230
15908,296
15909,319
15910,289
15911,303
15912,483
15913,827
15914,748
15915,512
15916,361
15917,264
15918,189
15919,143
16375,46
16376,20
16377,14
16378,2
16379,8
16380,38
16381,135
16382,349
16383,637
16384,356
16385,149
16386,168
16387,230
16388,232
16389,201
16390,237
16391,350
16392,591
16393,539
16394,406
16395,270
16396,211
16397,168
16398,124
16399,49
16400,27
16401,14
16402,2
16403,7
16404,28
16405,135
16406,232
16407,637
16408,304
16409,149
16410,183
16411,269
16412,256
16413,262
16414,311
16415,408
16416,671
16417,587
16418,392
16419,270
16420,240
16421,143
16422,99
16423,75
16424,101
16425,59
16426,33
16427,9
16428,8
16429,15
16430,60
16431,143
16432,245
16433,340
16434,455
16435,595
16436,668
16437,640
16438,645
16439,537
16440,448
16441,338
16442,231
16443,164
16444,152
16445,145
16446,128
16447,49
16448,23
16449,5
16450,3
16451,7
16452,38
16453,140
16454,349
16455,625
16456,304
16457,149
16458,183
16459,276
16460,296
16461,262
16462,286
16463,377
16464,671
16465,587
16466,392
16467,247
16468,190
16469,155
16470,103
16471,105
16472,91
16473,34
16474,24
16475,8
16476,7
16477,18
16478,68
16479,158
16480,211
16481,324
16482,392
16483,449
16484,487
16485,441
16486,498
16487,417
16488,341
16489,315
16490,233
16491,164
16492,152
16493,112
16494,100
16495,105
16496,91
16497,43
16498,19
16499,8
16500,7
16501,18
16502,54
16503,158
16504,211
16505,340
16506,392
16507,490
16508,509
16509,441
16510,499
16511,434
16512,448
16513,315
16514,246
16515,164
16516,152
16517,145
16518,100
16519,49
16520,23
16521,11
16522,3
16523,7
16524,40
16525,140
16526,349
16527,683
16528,366
16529,175
16530,185
16531,269
16532,246
16533,245
16534,311
16535,377
16536,618
16537,591
16538,412
16539,276
16540,240
16541,143
16542,99
16543,62
16544,27
16545,9
16546,4
16547,7
16548,28
16549,135
16550,232
16551,625
16552,194
16553,146
16554,176
16555,204
16556,233
16557,201
16558,207
16559,326
16560,595
16561,538
16562,362
16563,257
16564,187
16565,158
16566,63
16567,25
16568,27
16569,7
16570,2
16571,8
16572,39
16573,139
16574,435
16575,632
16576,319
16577,172
16578,183
16579,277
16580,246
16581,194
16582,224
16583,346
16584,646
16585,550
16586,352
16587,247
16588,152
16589,132
16590,162
16591,39
16592,12
16593,11
16594,7
16595,38
16596,140
16597,349
16598,637
16599,356
16600,149
16601,183
16602,269
16603,246
16604,183
16605,245
16606,381
16607,610
16608,523
16609,384
16610,254
16611,187
16612,138
16613,99
16614,46
16615,23
16616,11
16617,3
16618,7
16619,38
16620,135
16621,349
16622,637
16623,304
16624,149
16625,191
16626,230
16627,246
16628,245
16629,311
16630,377
16631,610
16632,539
16633,378
16634,270
16635,211
16636,138
16637,118
17094,40
17095,25
17096,10
17097,6
17098,8
17099,32
17100,98
17101,335
17102,662
17103,301
17104,175
17105,205
17106,254
17107,263
17108,257
17109,289
17110,346
17111,611
17112,614
17113,431
17114,234
17115,194
17116,99
17117,90
17118,38
17119,11
17120,8
17121,4
17122,9
17123,36
17124,124
17125,383
17126,691
17127,300
17128,160
17129,181
17130,252
17131,263
17132,232
17133,258
17134,346
17135,611
17136,552
17137,417
17138,262
17139,200
17140,105
17141,69
17142,102
17143,95
17144,73
17145,43
17146,5
17147,10
17148,21
17149,35
17150,131
17151,196
17152,264
17153,373
17154,384
17155,443
17156,449
17157,432
17158,460
17159,314
17160,237
17161,215
17162,199
17163,152
17164,126
17165,88
17166,102
17167,95
17168,59
17169,43
17170,5
17171,11
17172,21
17173,55
17174,131
17175,196
17176,264
17177,373
17178,449
17179,443
17180,449
17181,432
17182,460
17183,314
17184,237
17185,253
17186,160
17187,152
17188,126
17189,88
17190,44
17191,27
17192,9
17193,4
17194,32
17195,98
17196,335
17197,662
17198,301
17199,175
17200,194
17201,254
17202,215
17203,198
17204,269
17205,338
17206,555
17207,502
17208,346
17209,270
17210,145
17211,99
17212,111
17213,110
17214,94
17215,73
17216,5
17217,10
17218,21
17219,47
17220,118
17221,195
17222,275
17223,373
17224,431
17225,443
17226,449
17227,432
17228,460
17229,314
17230,237
17231,215
17232,199
17233,152
17234,126
17235,88
17236,41
17237,24
17238,8
17239,4
17240,8
17241,39
17242,106
17243,254
17244,564
17245,322
17246,178
17247,207
17248,276
17249,215
17250,198
17251,269
17252,338
17253,555
17254,535
17255,346
17256,270
17257,233
17258,90
17259,109
17260,34
17261,18
17262,4
17263,4
17264,8
17265,32
17266,126
17267,366
17268,691
17269,300
17270,160
17271,181
17272,234
17273,263
17274,232
17275,258
17276,387
17277,611
17278,552
17279,417
17280,242
17281,185
17282,119
17283,86
17284,40
17285,24
17286,8
17287,3
17288,6
17289,35
17290,121
17291,338
17292,683
17293,300
17294,149
17295,183
17296,254
17297,263
17298,262
17299,249
17300,367
17301,611
17302,552
17303,417
17304,234
17305,179
17306,131
17307,90
17308,101
17309,95
17310,59
17311,36
17312,5
17313,11
17314,21
17315,55
17316,131
17317,195
17318,256
17319,325
17320,431
17321,528
17322,271
17323,321
17324,380
17325,281
17326,189
17327,215
17328,199
17329,152
17330,126
17331,88
17332,102
17333,95
17334,59
17335,43
17336,5
17337,10
17338,21
17339,55
17340,131
17341,196
17342,264
17343,373
17344,384
17345,443
17346,449
17347,432
17348,460
17349,314
17350,237
17351,253
17352,199
17353,152
17354,126
17355,88
17356,39
17357,22
17358,8
17359,3
17360,8
17361,35
17362,121
17363,338
17364,662
17365,314
17366,178
17367,194
17368,256
17369,292
17370,270
17371,254
17372,343
17373,583
17374,515
17375,417
17376,242
17377,179
17378,119
17379,90
